,precision,recall,f1-score,support
0,0.752313855,0.909973465,0.823609828,826651
1,0.826385346,0.651803995,0.728661696,408598
2,0.889820069,0.773815203,0.827736754,668119
accuracy,0.806757911,0.806757911,0.806757911,0.806757911
macro avg,0.822839756,0.778530888,0.793336093,1903368
weighted avg,0.816485791,0.806757911,0.804677698,1903368
